book,symbol,entry_server_time,exit_server_time,dir,entry_mid,exit_mid,stop_dist,exit_reason
gotobi,USDJPY,2018-01-05 02:55:00,2018-01-05 08:00:00,SELL,112.7964,113.00429,0.31687,signal
gotobi,USDJPY,2018-01-10 02:55:00,2018-01-10 08:00:00,SELL,112.45193,112.36157,0.31259,signal
gotobi,USDJPY,2018-01-15 02:55:00,2018-01-15 08:00:00,SELL,110.86778,110.70786,0.37245,signal
gotobi,USDJPY,2018-01-19 02:55:00,2018-01-19 08:00:00,SELL,111.06198,110.87513,0.40451,signal
gotobi,USDJPY,2018-01-25 02:55:00,2018-01-25 08:00:00,SELL,109.45475,108.92995,0.46022,signal
gotobi,USDJPY,2018-01-31 02:55:00,2018-01-31 08:00:00,SELL,108.80624,108.69328,0.48886,signal
gotobi,USDJPY,2018-02-05 02:55:00,2018-02-05 08:00:00,SELL,109.86153,109.96372,0.4906,signal
gotobi,USDJPY,2018-02-09 02:55:00,2018-02-09 08:00:00,SELL,108.82871,108.99442,0.52759,signal
gotobi,USDJPY,2018-02-15 02:55:00,2018-02-15 08:00:00,SELL,106.79931,106.55896,0.52903,signal
gotobi,USDJPY,2018-02-20 02:55:00,2018-02-20 08:00:00,SELL,106.77185,106.83466,0.51099,signal
gotobi,USDJPY,2018-02-23 02:55:00,2018-02-23 08:00:00,SELL,106.94286,106.96682,0.50768,signal
gotobi,USDJPY,2018-02-28 02:55:00,2018-02-28 08:00:00,SELL,107.32218,107.06861,0.47231,signal
gotobi,USDJPY,2018-03-05 02:55:00,2018-03-05 08:00:00,SELL,105.54164,105.5694,0.47686,signal
gotobi,USDJPY,2018-03-09 02:55:00,2018-03-09 08:00:00,SELL,106.6919,106.64047,0.41757,signal
gotobi,USDJPY,2018-03-15 03:55:00,2018-03-15 09:00:00,SELL,106.00711,105.92675,0.41791,signal
gotobi,USDJPY,2018-03-20 03:55:00,2018-03-20 09:00:00,SELL,106.10114,106.29773,0.40514,signal
gotobi,USDJPY,2018-03-23 03:55:00,2018-03-23 09:00:00,SELL,104.88607,104.79558,0.37811,signal
gotobi,USDJPY,2018-03-30 03:55:00,2018-03-30 09:00:00,SELL,106.24441,106.16092,0.40632,signal
gotobi,USDJPY,2018-04-05 03:55:00,2018-04-05 09:00:00,SELL,106.80546,106.89824,0.4093,signal
meanrev,USDCAD,2018-04-09 01:00:00,2018-04-11 17:00:00,BUY,1.27772,1.25485,0.02287,stop
gotobi,USDJPY,2018-04-10 03:55:00,2018-04-10 05:19:00,SELL,106.72075,107.1286,0.40785,stop
gotobi,USDJPY,2018-04-13 03:55:00,2018-04-13 09:00:00,SELL,107.35355,107.47005,0.40395,signal
meanrev,AUDUSD,2018-04-18 01:00:00,2018-04-23 01:00:00,SELL,0.77701,0.76722,0.01172,signal
gotobi,USDJPY,2018-04-20 03:55:00,2018-04-20 09:00:00,SELL,107.45849,107.63771,0.33364,signal
gotobi,USDJPY,2018-04-25 03:55:00,2018-04-25 09:00:00,SELL,108.88751,109.06679,0.32055,signal
gotobi,USDJPY,2018-04-27 03:55:00,2018-04-27 09:00:00,SELL,109.29122,109.25476,0.30743,signal
gotobi,USDJPY,2018-05-02 03:55:00,2018-05-02 09:00:00,SELL,109.87822,109.81912,0.2954,signal
gotobi,USDJPY,2018-05-10 03:55:00,2018-05-10 09:00:00,SELL,109.91786,109.83036,0.33717,signal
gotobi,USDJPY,2018-05-15 03:55:00,2018-05-15 09:00:00,SELL,109.70309,109.87559,0.31204,signal
gotobi,USDJPY,2018-05-18 03:55:00,2018-05-18 09:00:00,SELL,110.89883,110.84715,0.3218,signal
gotobi,USDJPY,2018-05-25 03:55:00,2018-05-25 09:00:00,SELL,109.53088,109.56152,0.35253,signal
gotobi,USDJPY,2018-05-31 03:55:00,2018-05-31 09:00:00,SELL,108.64745,108.78647,0.38046,signal
gotobi,USDJPY,2018-06-05 03:55:00,2018-06-05 09:00:00,SELL,109.88908,109.86434,0.39985,signal
meanrev,AUDUSD,2018-06-08 01:00:00,2018-06-13 01:00:00,SELL,0.7625,0.75748,0.01547,signal
gotobi,USDJPY,2018-06-08 03:55:00,2018-06-08 09:00:00,SELL,109.81731,109.65873,0.41093,signal
gotobi,USDJPY,2018-06-15 03:55:00,2018-06-15 09:00:00,SELL,110.65836,110.87633,0.39181,signal
gotobi,USDJPY,2018-06-20 03:55:00,2018-06-20 09:00:00,SELL,110.03645,110.21914,0.36359,signal
gotobi,USDJPY,2018-06-25 03:55:00,2018-06-25 09:00:00,SELL,109.66208,109.43652,0.35826,signal
gotobi,USDJPY,2018-06-29 03:55:00,2018-06-29 05:36:00,SELL,110.46019,110.83419,0.374,stop
meanrev,USDJPY,2018-07-04 01:00:00,2018-07-12 12:00:00,SELL,110.59787,112.45204,1.85417,stop
gotobi,USDJPY,2018-07-05 03:55:00,2018-07-05 09:00:00,SELL,110.42478,110.66756,0.34695,signal
gotobi,USDJPY,2018-07-10 03:55:00,2018-07-10 09:00:00,SELL,111.01001,111.16383,0.32344,signal
gotobi,USDJPY,2018-07-13 03:55:00,2018-07-13 09:00:00,SELL,112.70502,112.57974,0.34545,signal
gotobi,USDJPY,2018-07-20 03:55:00,2018-07-20 09:00:00,SELL,112.56907,112.32083,0.32542,signal
gotobi,USDJPY,2018-07-25 03:55:00,2018-07-25 09:00:00,SELL,111.27304,111.21246,0.36288,signal
meanrev,USDCAD,2018-07-27 01:00:00,2018-08-10 01:00:00,BUY,1.30758,1.30443,0.02291,time
gotobi,USDJPY,2018-07-31 03:55:00,2018-07-31 07:05:00,SELL,110.96636,111.33256,0.3662,stop
gotobi,USDJPY,2018-08-03 03:55:00,2018-08-03 09:00:00,SELL,111.76557,111.67554,0.35516,signal
gotobi,USDJPY,2018-08-10 03:55:00,2018-08-10 09:00:00,SELL,110.88702,110.98152,0.31098,signal
gotobi,USDJPY,2018-08-15 03:55:00,2018-08-15 09:00:00,SELL,111.35977,111.2852,0.31901,signal
gotobi,USDJPY,2018-08-20 03:55:00,2018-08-20 09:00:00,SELL,110.51877,110.59155,0.35964,signal
gotobi,USDJPY,2018-08-24 03:55:00,2018-08-24 09:00:00,SELL,111.44265,111.37691,0.36404,signal
meanrev,EURUSD,2018-08-31 01:00:00,2018-09-10 01:00:00,SELL,1.16665,1.15509,0.02027,signal
meanrev,USDCAD,2018-08-31 01:00:00,2018-09-03 01:00:00,BUY,1.29782,1.3064,0.02102,signal
gotobi,USDJPY,2018-08-31 03:55:00,2018-08-31 09:00:00,SELL,110.98158,110.98707,0.36979,signal
gotobi,USDJPY,2018-09-05 03:55:00,2018-09-05 09:00:00,SELL,111.48471,111.49639,0.32672,signal
meanrev,USDCAD,2018-09-07 01:00:00,2018-09-12 01:00:00,SELL,1.31454,1.30636,0.02095,signal
gotobi,USDJPY,2018-09-10 03:55:00,2018-09-10 09:00:00,SELL,110.93469,110.9852,0.33876,signal
gotobi,USDJPY,2018-09-14 03:55:00,2018-09-14 09:00:00,SELL,112.04509,111.88187,0.31613,signal
meanrev,USDJPY,2018-09-18 01:00:00,2018-09-27 19:00:00,SELL,111.84792,113.42117,1.57326,stop
gotobi,USDJPY,2018-09-20 03:55:00,2018-09-20 09:00:00,SELL,112.32982,112.15392,0.2967,signal
gotobi,USDJPY,2018-09-25 03:55:00,2018-09-25 09:00:00,SELL,112.96756,112.84771,0.29554,signal
meanrev,EURUSD,2018-09-27 01:00:00,2018-09-28 01:00:00,SELL,1.17433,1.16397,0.02089,signal
gotobi,USDJPY,2018-09-28 03:55:00,2018-09-28 09:00:00,SELL,113.44743,113.47853,0.27575,signal
meanrev,USDCAD,2018-10-04 01:00:00,2018-10-09 01:00:00,BUY,1.28696,1.29542,0.01899,signal
gotobi,USDJPY,2018-10-05 03:55:00,2018-10-05 09:00:00,SELL,114.09188,113.88418,0.2989,signal
meanrev,EURUSD,2018-10-08 01:00:00,2018-10-22 01:00:00,BUY,1.15237,1.15154,0.02074,time
gotobi,USDJPY,2018-10-10 03:55:00,2018-10-10 09:00:00,SELL,113.03449,112.98568,0.33055,signal
meanrev,USDCAD,2018-10-12 01:00:00,2018-10-17 01:00:00,SELL,1.30276,1.29348,0.02001,signal
gotobi,USDJPY,2018-10-15 03:55:00,2018-10-15 09:00:00,SELL,112.00367,111.92327,0.36497,signal
gotobi,USDJPY,2018-10-19 03:55:00,2018-10-19 09:00:00,SELL,112.31255,112.45409,0.37966,signal
meanrev,USDCAD,2018-10-23 01:00:00,2018-11-06 01:00:00,SELL,1.31024,1.31064,0.01994,time
gotobi,USDJPY,2018-10-25 03:55:00,2018-10-25 09:00:00,SELL,111.97362,111.94263,0.36923,signal
gotobi,USDJPY,2018-10-31 03:55:00,2018-10-31 09:00:00,SELL,113.24269,113.2772,0.37477,signal
gotobi,USDJPY,2018-11-05 02:55:00,2018-11-05 08:00:00,SELL,113.19563,113.25239,0.37034,signal
gotobi,USDJPY,2018-11-09 02:55:00,2018-11-09 08:00:00,SELL,113.99703,113.90886,0.35645,signal
gotobi,USDJPY,2018-11-15 02:55:00,2018-11-15 08:00:00,SELL,113.62689,113.53264,0.33764,signal
meanrev,USDCAD,2018-11-16 01:00:00,2018-11-28 17:00:00,SELL,1.3179,1.33569,0.01779,stop
gotobi,USDJPY,2018-11-20 02:55:00,2018-11-20 08:00:00,SELL,112.61693,112.55699,0.31888,signal
gotobi,USDJPY,2018-11-22 02:55:00,2018-11-22 08:00:00,SELL,113.06573,113.02524,0.32005,signal
gotobi,USDJPY,2018-11-30 02:55:00,2018-11-30 08:00:00,SELL,113.43518,113.39209,0.30171,signal
gotobi,USDJPY,2018-12-05 02:55:00,2018-12-05 08:00:00,SELL,112.86022,113.058,0.29526,signal
gotobi,USDJPY,2018-12-10 02:55:00,2018-12-10 08:00:00,SELL,112.53616,112.4753,0.29115,signal
gotobi,USDJPY,2018-12-14 02:55:00,2018-12-14 08:00:00,SELL,113.57116,113.47012,0.32133,signal
gotobi,USDJPY,2018-12-20 02:55:00,2018-12-20 08:00:00,SELL,112.55928,112.09897,0.32813,signal
gotobi,USDJPY,2018-12-28 02:55:00,2018-12-28 08:00:00,SELL,110.92879,110.69449,0.40053,signal
gotobi,USDJPY,2019-01-04 02:55:00,2019-01-04 05:14:00,SELL,107.66127,108.26684,0.60556,stop
meanrev,GBPUSD,2019-01-09 01:00:00,2019-01-17 20:00:00,SELL,1.27154,1.29802,0.02648,stop
gotobi,USDJPY,2019-01-10 02:55:00,2019-01-10 08:00:00,SELL,108.1408,107.91381,0.64092,signal
gotobi,USDJPY,2019-01-15 02:55:00,2019-01-15 08:00:00,SELL,108.35105,108.71867,0.60074,signal
gotobi,USDJPY,2019-01-18 02:55:00,2019-01-18 08:00:00,SELL,109.32498,109.36685,0.56605,signal
gotobi,USDJPY,2019-01-25 02:55:00,2019-01-25 08:00:00,SELL,109.70461,109.79395,0.33725,signal
meanrev,EURUSD,2019-01-28 01:00:00,2019-01-29 01:00:00,BUY,1.14094,1.14278,0.01727,signal
gotobi,USDJPY,2019-01-31 02:55:00,2019-01-31 08:00:00,SELL,108.91129,108.7396,0.30691,signal
meanrev,AUDUSD,2019-02-05 01:00:00,2019-02-07 01:00:00,SELL,0.72202,0.71066,0.0149,signal
gotobi,USDJPY,2019-02-05 02:55:00,2019-02-05 08:00:00,SELL,109.99266,109.81984,0.32402,signal
gotobi,USDJPY,2019-02-08 02:55:00,2019-02-08 08:00:00,SELL,109.80579,109.75096,0.28274,signal
gotobi,USDJPY,2019-02-15 02:55:00,2019-02-15 08:00:00,SELL,110.39729,110.34391,0.287,signal
meanrev,GBPUSD,2019-02-18 01:00:00,2019-02-20 01:00:00,BUY,1.29028,1.30612,0.02373,signal
gotobi,USDJPY,2019-02-20 02:55:00,2019-02-20 08:00:00,SELL,110.73247,110.87336,0.26151,signal
gotobi,USDJPY,2019-02-25 02:55:00,2019-02-25 08:00:00,SELL,110.77663,110.63406,0.22579,signal
gotobi,USDJPY,2019-02-28 02:55:00,2019-02-28 08:00:00,SELL,110.83699,110.80715,0.25509,signal
meanrev,GBPUSD,2019-03-04 01:00:00,2019-03-11 01:00:00,SELL,1.32322,1.29844,0.02617,signal
gotobi,USDJPY,2019-03-05 02:55:00,2019-03-05 08:00:00,SELL,111.8712,111.91102,0.27777,signal
gotobi,USDJPY,2019-03-08 02:55:00,2019-03-08 08:00:00,SELL,111.52045,111.07699,0.25835,signal
gotobi,USDJPY,2019-03-15 03:55:00,2019-03-15 09:00:00,SELL,111.89438,111.65701,0.29974,signal
gotobi,USDJPY,2019-03-20 03:55:00,2019-03-20 09:00:00,SELL,111.62139,111.55683,0.26959,signal
meanrev,EURUSD,2019-03-22 01:00:00,2019-03-25 01:00:00,SELL,1.1374,1.1295,0.01588,signal
gotobi,USDJPY,2019-03-25 03:55:00,2019-03-25 09:00:00,SELL,109.89973,109.98301,0.31781,signal
meanrev,USDJPY,2019-03-27 01:00:00,2019-04-02 01:00:00,BUY,110.62835,111.4148,1.6934,signal
gotobi,USDJPY,2019-03-29 03:55:00,2019-03-29 09:00:00,SELL,110.9055,110.74614,0.33196,signal
gotobi,USDJPY,2019-04-05 03:55:00,2019-04-05 09:00:00,SELL,111.76586,111.67741,0.31304,signal
gotobi,USDJPY,2019-04-10 03:55:00,2019-04-10 09:00:00,SELL,111.15799,111.17277,0.29617,signal
meanrev,AUDUSD,2019-04-12 01:00:00,2019-04-24 01:00:00,SELL,0.71249,0.7099,0.0123,signal
gotobi,USDJPY,2019-04-15 03:55:00,2019-04-15 09:00:00,SELL,111.98429,111.91318,0.2628,signal
meanrev,USDJPY,2019-04-17 01:00:00,2019-04-29 01:00:00,SELL,111.96835,111.62278,1.16898,signal
gotobi,USDJPY,2019-04-19 03:55:00,2019-04-19 09:00:00,SELL,111.96558,111.90319,0.21223,signal
meanrev,GBPUSD,2019-04-22 01:00:00,2019-05-01 01:00:00,BUY,1.29892,1.30378,0.01915,signal
gotobi,USDJPY,2019-04-25 03:55:00,2019-04-25 09:00:00,SELL,112.23908,112.02489,0.20708,signal
gotobi,USDJPY,2019-04-26 03:55:00,2019-04-26 09:00:00,SELL,111.7637,111.75557,0.22759,signal
meanrev,GBPUSD,2019-05-07 01:00:00,2019-05-09 01:00:00,SELL,1.30944,1.3009,0.01829,signal
gotobi,USDJPY,2019-05-10 03:55:00,2019-05-10 09:00:00,SELL,109.83958,109.73885,0.27967,signal
gotobi,USDJPY,2019-05-15 03:55:00,2019-05-15 09:00:00,SELL,109.58885,109.68427,0.31007,signal
gotobi,USDJPY,2019-05-20 03:55:00,2019-05-20 09:00:00,SELL,110.1686,110.14176,0.32377,signal
meanrev,USDCAD,2019-05-23 01:00:00,2019-05-24 01:00:00,BUY,1.34364,1.34738,0.01618,signal
gotobi,USDJPY,2019-05-24 03:55:00,2019-05-24 09:00:00,SELL,109.70766,109.61084,0.34307,signal
gotobi,USDJPY,2019-05-31 03:55:00,2019-05-31 09:00:00,SELL,109.31218,108.93595,0.30996,signal
gotobi,USDJPY,2019-06-05 03:55:00,2019-06-05 09:00:00,SELL,108.12047,108.06744,0.30752,signal
meanrev,USDCAD,2019-06-06 01:00:00,2019-06-07 17:00:00,BUY,1.34226,1.32703,0.01523,stop
gotobi,USDJPY,2019-06-10 03:55:00,2019-06-10 09:00:00,SELL,108.48382,108.63992,0.31715,signal
meanrev,USDCAD,2019-06-13 01:00:00,2019-06-17 01:00:00,BUY,1.33376,1.34106,0.01575,signal
gotobi,USDJPY,2019-06-14 03:55:00,2019-06-14 09:00:00,SELL,108.37515,108.32912,0.29136,signal
gotobi,USDJPY,2019-06-20 03:55:00,2019-06-20 09:00:00,SELL,107.75505,107.63092,0.30298,signal
meanrev,GBPUSD,2019-06-25 01:00:00,2019-06-28 01:00:00,SELL,1.27345,1.26686,0.01972,signal
gotobi,USDJPY,2019-06-25 03:55:00,2019-06-25 09:00:00,SELL,107.28894,107.04337,0.28485,signal
gotobi,USDJPY,2019-06-28 03:55:00,2019-06-28 09:00:00,SELL,107.68784,107.70002,0.2773,signal
meanrev,AUDUSD,2019-07-05 01:00:00,2019-07-10 01:00:00,SELL,0.70238,0.69297,0.01085,signal
gotobi,USDJPY,2019-07-05 03:55:00,2019-07-05 09:00:00,SELL,107.85473,107.88162,0.27968,signal
gotobi,USDJPY,2019-07-10 03:55:00,2019-07-10 09:00:00,SELL,108.96928,108.86546,0.28424,signal
gotobi,USDJPY,2019-07-12 03:55:00,2019-07-12 09:00:00,SELL,108.5095,108.33289,0.27447,signal
gotobi,USDJPY,2019-07-19 03:55:00,2019-07-19 09:00:00,SELL,107.48646,107.64249,0.28487,signal
meanrev,AUDUSD,2019-07-22 01:00:00,2019-07-25 01:00:00,SELL,0.70446,0.69767,0.01126,signal
gotobi,USDJPY,2019-07-25 03:55:00,2019-07-25 09:00:00,SELL,108.1566,108.11811,0.28456,signal
meanrev,USDCAD,2019-07-31 01:00:00,2019-08-06 20:00:00,SELL,1.31516,1.32878,0.01362,stop
gotobi,USDJPY,2019-07-31 03:55:00,2019-07-31 09:00:00,SELL,108.60928,108.56062,0.27245,signal
gotobi,USDJPY,2019-08-05 03:55:00,2019-08-05 09:00:00,SELL,106.33143,105.96917,0.33795,signal
gotobi,USDJPY,2019-08-09 03:55:00,2019-08-09 09:00:00,SELL,105.97127,105.91529,0.38793,signal
gotobi,USDJPY,2019-08-15 03:55:00,2019-08-15 09:00:00,SELL,106.0098,105.91464,0.47591,signal
gotobi,USDJPY,2019-08-20 03:55:00,2019-08-20 09:00:00,SELL,106.62727,106.54433,0.50602,signal
gotobi,USDJPY,2019-08-23 03:55:00,2019-08-23 09:00:00,SELL,106.60904,106.63263,0.42676,signal
gotobi,USDJPY,2019-08-30 03:55:00,2019-08-30 09:00:00,SELL,106.42777,106.36484,0.45247,signal
gotobi,USDJPY,2019-09-05 03:55:00,2019-09-05 09:00:00,SELL,106.39725,106.57725,0.36318,signal
meanrev,USDCAD,2019-09-06 01:00:00,2019-09-16 01:00:00,BUY,1.32316,1.3237,0.01616,signal
gotobi,USDJPY,2019-09-10 03:55:00,2019-09-10 09:00:00,SELL,107.42521,107.37649,0.37342,signal
gotobi,USDJPY,2019-09-13 03:55:00,2019-09-13 09:00:00,SELL,108.198,108.12363,0.34178,signal
meanrev,USDJPY,2019-09-20 01:00:00,2019-09-25 01:00:00,SELL,108.04329,107.10708,1.38108,signal
gotobi,USDJPY,2019-09-20 03:55:00,2019-09-20 09:00:00,SELL,108.00286,107.85199,0.27622,signal
gotobi,USDJPY,2019-09-25 03:55:00,2019-09-25 05:42:00,SELL,107.06954,107.35233,0.28279,stop
gotobi,USDJPY,2019-09-30 03:55:00,2019-09-30 09:00:00,SELL,107.91281,107.78614,0.2865,signal
gotobi,USDJPY,2019-10-04 03:55:00,2019-10-04 09:00:00,SELL,106.82419,106.82991,0.32903,signal
meanrev,USDCAD,2019-10-07 01:00:00,2019-10-14 01:00:00,SELL,1.33218,1.32004,0.01458,signal
gotobi,USDJPY,2019-10-10 03:55:00,2019-10-10 04:38:00,SELL,107.31507,107.65857,0.3435,stop
meanrev,USDCAD,2019-10-15 01:00:00,2019-10-22 04:00:00,BUY,1.32282,1.30742,0.0154,stop
gotobi,USDJPY,2019-10-15 03:55:00,2019-10-15 09:00:00,SELL,108.39062,108.32714,0.35625,signal
gotobi,USDJPY,2019-10-18 03:55:00,2019-10-18 09:00:00,SELL,108.67151,108.54317,0.34821,signal
meanrev,AUDUSD,2019-10-25 01:00:00,2019-10-31 05:00:00,SELL,0.68185,0.69272,0.01087,stop
gotobi,USDJPY,2019-10-25 03:55:00,2019-10-25 09:00:00,SELL,108.68986,108.67929,0.28689,signal
gotobi,USDJPY,2019-10-31 03:55:00,2019-10-31 09:00:00,SELL,108.83761,108.69246,0.23181,signal
meanrev,AUDUSD,2019-11-05 01:00:00,2019-11-12 01:00:00,SELL,0.68772,0.6846,0.01029,signal
gotobi,USDJPY,2019-11-05 02:55:00,2019-11-05 08:00:00,SELL,108.76285,108.77336,0.22709,signal
meanrev,USDJPY,2019-11-07 01:00:00,2019-11-15 01:00:00,SELL,108.97213,108.39889,1.14256,signal
gotobi,USDJPY,2019-11-08 02:55:00,2019-11-08 08:00:00,SELL,109.33857,109.25048,0.24634,signal
gotobi,USDJPY,2019-11-15 02:55:00,2019-11-15 08:00:00,SELL,108.57265,108.59214,0.26561,signal
meanrev,AUDUSD,2019-11-18 01:00:00,2019-12-02 01:00:00,BUY,0.68135,0.67646,0.011,time
gotobi,USDJPY,2019-11-20 02:55:00,2019-11-20 08:00:00,SELL,108.58458,108.52432,0.27098,signal
gotobi,USDJPY,2019-11-25 02:55:00,2019-11-25 08:00:00,SELL,108.78025,108.85814,0.2405,signal
gotobi,USDJPY,2019-11-29 02:55:00,2019-11-29 08:00:00,SELL,109.53497,109.47632,0.21269,signal
meanrev,EURUSD,2019-12-05 01:00:00,2019-12-13 00:00:00,SELL,1.10785,1.11782,0.00997,stop
gotobi,USDJPY,2019-12-05 02:55:00,2019-12-05 08:00:00,SELL,108.86515,108.78717,0.2308,signal
meanrev,USDCAD,2019-12-09 01:00:00,2019-12-16 15:00:00,BUY,1.32545,1.31215,0.0133,stop
gotobi,USDJPY,2019-12-10 02:55:00,2019-12-10 08:00:00,SELL,108.64198,108.62655,0.21581,signal
gotobi,USDJPY,2019-12-13 02:55:00,2019-12-13 08:00:00,SELL,109.51055,109.56992,0.23738,signal
meanrev,AUDUSD,2019-12-16 01:00:00,2019-12-27 13:00:00,SELL,0.68708,0.69729,0.01021,stop
meanrev,EURUSD,2019-12-16 01:00:00,2019-12-23 01:00:00,SELL,1.11294,1.10783,0.01167,signal
meanrev,USDJPY,2019-12-18 01:00:00,2019-12-31 01:00:00,SELL,109.50596,108.89605,1.26441,signal
gotobi,USDJPY,2019-12-20 02:55:00,2019-12-20 08:00:00,SELL,109.38391,109.32506,0.26122,signal
meanrev,USDCAD,2019-12-23 01:00:00,2019-12-31 14:00:00,BUY,1.31496,1.30088,0.01408,stop
gotobi,USDJPY,2019-12-30 02:55:00,2019-12-30 08:00:00,SELL,109.48112,109.19056,0.20412,signal
meanrev,EURUSD,2020-01-03 01:00:00,2020-01-09 01:00:00,SELL,1.11722,1.11098,0.01216,signal
meanrev,USDJPY,2020-01-07 01:00:00,2020-01-09 01:00:00,BUY,108.37978,109.08027,1.12319,signal
gotobi,USDJPY,2020-01-10 02:55:00,2020-01-10 08:00:00,SELL,109.53912,109.57045,0.27763,signal
gotobi,USDJPY,2020-01-15 02:55:00,2020-01-15 08:00:00,SELL,109.91519,109.91557,0.28182,signal
gotobi,USDJPY,2020-01-20 02:55:00,2020-01-20 08:00:00,SELL,110.17719,110.184,0.28405,signal
gotobi,USDJPY,2020-01-24 02:55:00,2020-01-24 08:00:00,SELL,109.54983,109.54756,0.24197,signal
meanrev,EURUSD,2020-01-31 01:00:00,2020-02-03 01:00:00,BUY,1.10321,1.10856,0.00981,signal
gotobi,USDJPY,2020-01-31 02:55:00,2020-01-31 08:00:00,SELL,109.01329,109.07128,0.19357,signal
gotobi,USDJPY,2020-02-05 02:55:00,2020-02-05 08:00:00,SELL,109.43313,109.43468,0.23969,signal
gotobi,USDJPY,2020-02-10 02:55:00,2020-02-10 08:00:00,SELL,109.65212,109.77765,0.2653,signal
meanrev,GBPUSD,2020-02-12 01:00:00,2020-02-14 01:00:00,BUY,1.29559,1.3041,0.02454,signal
gotobi,USDJPY,2020-02-14 02:55:00,2020-02-14 08:00:00,SELL,109.83833,109.79589,0.2519,signal
gotobi,USDJPY,2020-02-20 02:55:00,2020-02-20 08:00:00,SELL,111.23957,111.40338,0.28456,signal
meanrev,GBPUSD,2020-02-24 01:00:00,2020-02-26 01:00:00,BUY,1.29488,1.30006,0.02121,signal
gotobi,USDJPY,2020-02-25 02:55:00,2020-02-25 08:00:00,SELL,110.89669,110.80341,0.31411,signal
gotobi,USDJPY,2020-02-28 02:55:00,2020-02-28 08:00:00,SELL,109.40785,108.88711,0.36121,signal
meanrev,GBPUSD,2020-03-05 01:00:00,2020-03-06 01:00:00,BUY,1.28681,1.29517,0.02468,signal
gotobi,USDJPY,2020-03-05 02:55:00,2020-03-05 08:00:00,SELL,107.49704,107.3797,0.52382,signal
gotobi,USDJPY,2020-03-10 03:55:00,2020-03-10 07:25:00,SELL,103.26517,104.0176,0.75243,stop
gotobi,USDJPY,2020-03-13 03:55:00,2020-03-13 09:00:00,SELL,105.12956,105.58898,0.93235,signal
gotobi,USDJPY,2020-03-19 03:55:00,2020-03-19 09:00:00,SELL,108.86387,108.83257,1.17443,signal
gotobi,USDJPY,2020-03-25 03:55:00,2020-03-25 09:00:00,SELL,111.07588,111.23602,1.28584,signal
gotobi,USDJPY,2020-03-31 03:55:00,2020-03-31 09:00:00,SELL,108.70253,108.2152,1.10665,signal
gotobi,USDJPY,2020-04-03 03:55:00,2020-04-03 09:00:00,SELL,108.07088,107.92356,0.92371,signal
gotobi,USDJPY,2020-04-10 03:55:00,2020-04-10 09:00:00,SELL,108.55317,108.4127,0.62669,signal
gotobi,USDJPY,2020-04-15 03:55:00,2020-04-15 09:00:00,SELL,107.15821,107.05438,0.54054,signal
gotobi,USDJPY,2020-04-20 03:55:00,2020-04-20 09:00:00,SELL,107.84965,107.85585,0.44645,signal
gotobi,USDJPY,2020-04-24 03:55:00,2020-04-24 09:00:00,SELL,107.71132,107.65929,0.36886,signal
gotobi,USDJPY,2020-04-30 03:55:00,2020-04-30 09:00:00,SELL,106.84766,106.47079,0.34655,signal
meanrev,AUDUSD,2020-05-01 01:00:00,2020-05-14 10:00:00,SELL,0.65038,0.6432,0.02129,end
meanrev,USDJPY,2020-05-01 01:00:00,2020-05-12 01:00:00,BUY,107.16836,107.65216,1.88139,signal
gotobi,USDJPY,2020-05-01 03:55:00,2020-05-01 09:00:00,SELL,107.28529,107.05162,0.37628,signal
meanrev,GBPUSD,2020-05-04 01:00:00,2020-05-05 01:00:00,SELL,1.24836,1.24409,0.03218,signal
meanrev,EURUSD,2020-05-05 01:00:00,2020-05-06 01:00:00,SELL,1.09016,1.08413,0.02155,signal
gotobi,USDJPY,2020-05-08 03:55:00,2020-05-08 09:00:00,SELL,106.34449,106.41897,0.33339,signal
